Category,CategoryName,ProvisionID,Title,Description,Impact1,Impact2,Impact3,Impact4,Impact5,Impact6,LongRangeEffect,Year75Effect,LongRangeShortfallEliminated,Year75ShortfallEliminated,GraphLink,TableLink,Column1,Column2,Column3,Column4,Column5,Column6
,,A1,"Starting December 2025, reduce the annual COLA by 1 percentage point",Reduce the annual COLA by 1 percentage point from what would otherwise be paid under current law.,Long-term reduction in benefits,Affects all current and future beneficiaries,Long-range effect: 1.95% of payroll,75th year effect: 2.54% of payroll,,,1.95% of payroll,2.54% of payroll,,,https://www.ssa.gov/oact/solvency/provisions/charts/chart_run094.html,https://www.ssa.gov/oact/solvency/provisions/tables/table_run094.html,,,,,,
,,A2,"Starting December 2025, reduce the annual COLA by 0.5 percentage point",Reduce the annual COLA by 0.5 percentage point from what would otherwise be paid under current law.,Moderate reduction in benefits,Affects all current and future beneficiaries,Long-range effect: 1.01% of payroll,75th year effect: 1.33% of payroll,,,1.01% of payroll,1.33% of payroll,,,https://www.ssa.gov/oact/solvency/provisions/charts/chart_run095.html,https://www.ssa.gov/oact/solvency/provisions/tables/table_run095.html,,,,,,
,,A3,"Starting December 2025, compute the COLA using a chained CPI-W","Starting December 2025, compute the COLA using a chained CPI-W, estimated to reduce COLA by -0.3 percentage points.",Moderate reduction in benefits,Affects all beneficiaries,Long-range effect: 0.62% of payroll,75th year effect: 0.82% of payroll,,,0.62% of payroll,0.82% of payroll,,,https://www.ssa.gov/oact/solvency/provisions/charts/chart_run096.html,https://www.ssa.gov/oact/solvency/provisions/tables/table_run096.html,,,,,,
,,A4,"Starting December 2027, compute the COLA using a chained CPI-W (not applicable to DI benefits)","Starting December 2027, compute the COLA using a chained CPI-W (not applicable to DI benefits).",Targeted reduction in benefits,Does not affect disability benefits,Long-range effect: 0.49% of payroll,75th year effect: 0.66% of payroll,,,0.49% of payroll,0.66% of payroll,,,https://www.ssa.gov/oact/solvency/provisions/charts/chart_run097.html,https://www.ssa.gov/oact/solvency/provisions/tables/table_run097.html,,,,,,
,,A5,"Starting December 2025, add 1 percentage point to COLA for beneficiaries living past a specified age","Starting December 2025, add 1 percentage point to COLA for beneficiaries living past a specified age.",Increases benefits for the oldest beneficiaries,Targets support to those with longest lifespans,Long-range effect: -0.14% of payroll,75th year effect: -0.14% of payroll,,,-0.14% of payroll,-0.14% of payroll,,,https://www.ssa.gov/oact/solvency/provisions/charts/chart_run098.html,https://www.ssa.gov/oact/solvency/provisions/tables/table_run098.html,,,,,,
,,A6,"Starting December 2026, compute COLA using CPI-E, estimated to increase COLA by -0.2 percentage point","Starting December 2026, compute COLA using CPI-E, estimated to increase COLA by -0.2 percentage point.",Better reflects spending patterns of seniors,Typically results in higher COLAs,Long-range effect: -0.42% of payroll,75th year effect: -0.57% of payroll,,,-0.42% of payroll,-0.57% of payroll,,,https://www.ssa.gov/oact/solvency/provisions/charts/chart_run099.html,https://www.ssa.gov/oact/solvency/provisions/tables/table_run099.html,,,,,,
,,A7,"Starting December 2025, reduce COLA by 1 point, not below zero; no carryover of unused reduction","Starting December 2025, reduce COLA by 1 point, not below zero; no carryover of unused reduction.",Limits benefit reductions in low-inflation years,Still provides substantial long-term savings,Long-range effect: 1.83% of payroll,75th year effect: 2.39% of payroll,,,1.83% of payroll,2.39% of payroll,,,https://www.ssa.gov/oact/solvency/provisions/charts/chart_run100.html,https://www.ssa.gov/oact/solvency/provisions/tables/table_run100.html,,,,,,
,,A8,"COLA based on chain-weighted CPI-U for OASI only, starting December 2025","COLA based on chain-weighted CPI-U for OASI only, starting December 2025.",Targets retirement benefits only,Preserves disability benefits,Long-range effect: 0.55% of payroll,75th year effect: 0.71% of payroll,,,0.55% of payroll,0.71% of payroll,,,https://www.ssa.gov/oact/solvency/provisions/charts/chart_run101.html,https://www.ssa.gov/oact/solvency/provisions/tables/table_run101.html,,,,,,
,,A9,"For MAGI above a certain threshold, use chain-weighted CPI for COLA above threshold, starting December 2025","For MAGI above a certain threshold, use chain-weighted CPI for COLA above threshold, starting December 2025.",Progressive approach targeting higher-income beneficiaries,Protects lower-income recipients,Long-range effect: 1.3% of payroll,75th year effect: 2.27% of payroll,,,1.3% of payroll,2.27% of payroll,,,https://www.ssa.gov/oact/solvency/provisions/charts/chart_run102.html,https://www.ssa.gov/oact/solvency/provisions/tables/table_run102.html,,,,,,
,,benefit_level,Progressive price indexing (40th percentile) of PIA factors,Progressive price indexing (40th percentile) of PIA factors beginning with individuals newly eligible for OASDI in 2031.,Progressive reduction in benefits,Affects future beneficiaries only,Long-range effect: 2.96% of payroll,75th year effect: 7.79% of payroll,Long-range shortfall eliminated: 85%,75th year shortfall eliminated: 168%,2.96% of payroll,7.79% of payroll,85%,168%,https://www.ssa.gov/oact/solvency/provisions/charts/chart_run103.html,https://www.ssa.gov/oact/solvency/provisions/tables/table_run103.html,,,,,,
,,B2.1,PIA formula factors decrease due to increased longevity,PIA formula factors decrease due to increased longevity for those newly eligible in 2034.,Adjusts benefits based on demographic changes,Affects only future beneficiaries,Long-range effect: 0.56% of payroll,75th year effect: 1.72% of payroll,Long-range shortfall eliminated: 16%,75th year shortfall eliminated: 37%,0.56% of payroll,1.72% of payroll,16%,37%,https://www.ssa.gov/oact/solvency/provisions/charts/chart_run110.html,https://www.ssa.gov/oact/solvency/provisions/tables/table_run110.html,,,,,,
,,retirement_age,"Increase NRA 3 months/year from 2025 to 2032, up to age 69","Increase NRA 3 months/year from 2025 to 2032, up to age 69.",Reduces benefits for future retirees,Longer working careers,Long-range effect: 1.32% of payroll,75th year effect: 2.56% of payroll,Long-range shortfall eliminated: 38%,75th year shortfall eliminated: 55%,1.32% of payroll,2.56% of payroll,38%,55%,https://www.ssa.gov/oact/solvency/provisions/charts/chart_run147.html,https://www.ssa.gov/oact/solvency/provisions/tables/table_run147.html,,,,,,
,,payroll_tax,Increase payroll tax rate to 16.0 percent in 2025 and later,Increase payroll tax rate to 16.0 percent in 2025 and later.,Increased revenue,Higher tax burden on workers and employers,Long-range effect: 3.51% of payroll,75th year effect: 3.62% of payroll,Long-range shortfall eliminated: 100%,75th year shortfall eliminated: 78%,3.51% of payroll,3.62% of payroll,100%,78%,https://www.ssa.gov/oact/solvency/provisions/charts/chart_run184.html,https://www.ssa.gov/oact/solvency/provisions/tables/table_run184.html,,,,,,
,,E2,Eliminate the taxable maximum,"Eliminate the taxable maximum (currently \$168,600 in 2024) and apply the payroll tax rate to all earnings.",Increased revenue from high earners,Affects approximately 6% of covered workers,,,,,,,,,https://www.ssa.gov/oact/solvency/provisions/charts/chart_run185.html,https://www.ssa.gov/oact/solvency/provisions/tables/table_run185.html,,,,,,
,,family_benefits,Alternative survivor benefit equal to 75% of combined benefits,"Alternative survivor benefit equal to 75% of combined survivor and deceased benefits, capped at average wage-indexed PIA.",Improves benefits for many survivors,Targets support to vulnerable populations,Long-range effect: -0.1% of payroll,75th year effect: -0.11% of payroll,Long-range shortfall eliminated: -3%,75th year shortfall eliminated: -2%,-0.1% of payroll,-0.11% of payroll,-3%,-2%,https://www.ssa.gov/oact/solvency/provisions/charts/chart_run130.html,https://www.ssa.gov/oact/solvency/provisions/tables/table_run130.html,,,,,,
,,coverage,Extend OASDI coverage to newly hired State and local government employees,Extend OASDI coverage to newly hired State and local government employees beginning in 2026.,Broadens the contribution base,Provides consistent coverage across public sector,Long-range effect: 0.22% of payroll,75th year effect: 0.28% of payroll,Long-range shortfall eliminated: 6%,75th year shortfall eliminated: 6%,0.22% of payroll,0.28% of payroll,6%,6%,https://www.ssa.gov/oact/solvency/provisions/charts/chart_run165.html,https://www.ssa.gov/oact/solvency/provisions/tables/table_run165.html,,,,,,
,,investments,Invest 40% of Trust Fund assets in equities,"Invest 40% of OASDI Trust Fund assets in equities starting in 2026, phased in over 15 years.",Potentially higher returns on Trust Fund assets,Introduces market risk to Trust Fund,Long-range effect: 0.33% of payroll,75th year effect: 0.33% of payroll,Long-range shortfall eliminated: 9%,75th year shortfall eliminated: 7%,0.33% of payroll,0.33% of payroll,9%,7%,https://www.ssa.gov/oact/solvency/provisions/charts/chart_run175.html,https://www.ssa.gov/oact/solvency/provisions/tables/table_run175.html,,,,,,
,,taxation,Tax up to 100% of Social Security benefits above certain income thresholds,Tax up to 100% of Social Security benefits above certain income thresholds starting in 2025.,Increases revenue from higher-income beneficiaries,Progressive approach to funding,Long-range effect: 0.52% of payroll,75th year effect: 0.59% of payroll,Long-range shortfall eliminated: 15%,75th year shortfall eliminated: 13%,0.52% of payroll,0.59% of payroll,15%,13%,https://www.ssa.gov/oact/solvency/provisions/charts/chart_run194.html,https://www.ssa.gov/oact/solvency/provisions/tables/table_run194.html,,,,,,
