category_id,category_name,provision_id,title,description,impacts,long_range_effect_raw,year_75_effect_raw,long_range_shortfall_pct,year_75_shortfall_pct,long_range_effect,year_75_effect,graph_link,table_link,Column1,Column2,Column3,Column4,Column5,Column6,,,,,
cola,Cost-of-Living Adjustment,A1,"Starting December 2025, reduce the annual COLA by 1 percentage point",Reduce the annual COLA by 1 percentage point from what would otherwise be paid under current law.,Long-term reduction in benefits; Affects all current and future beneficiaries; Long-range effect: 1.95% of payroll; 75th year effect: 2.54% of payroll,1.95,2.54,56,55,Long-range effect: 1.95% of payroll,75th year effect: 2.54% of payroll,https://www.ssa.gov/oact/solvency/provisions/charts/chart_run094.html,https://www.ssa.gov/oact/solvency/provisions/tables/table_run094.html,,,,,,,,,,,
cola,Cost-of-Living Adjustment,A2,"Starting December 2025, reduce the annual COLA by 0.5 percentage point",Reduce the annual COLA by 0.5 percentage point from what would otherwise be paid under current law.,Moderate reduction in benefits; Affects all current and future beneficiaries; Long-range effect: 1.01% of payroll; 75th year effect: 1.33% of payroll,1.01,1.33,29,29,Long-range effect: 1.01% of payroll,75th year effect: 1.33% of payroll,https://www.ssa.gov/oact/solvency/provisions/charts/chart_run095.html,https://www.ssa.gov/oact/solvency/provisions/tables/table_run095.html,,,,,,,,,,,
cola,Cost-of-Living Adjustment,A3,"Starting December 2025, compute the COLA using a chained CPI-W","Starting December 2025, compute the COLA using a chained CPI-W, estimated to reduce COLA by -0.3 percentage points.",Moderate reduction in benefits; Affects all beneficiaries; Long-range effect: 0.62% of payroll; 75th year effect: 0.82% of payroll,0.62,0.82,18,18,Long-range effect: 0.62% of payroll,75th year effect: 0.82% of payroll,https://www.ssa.gov/oact/solvency/provisions/charts/chart_run096.html,https://www.ssa.gov/oact/solvency/provisions/tables/table_run096.html,,,,,,,,,,,
cola,Cost-of-Living Adjustment,A4,"Starting December 2027, compute the COLA using a chained CPI-W (not applicable to DI benefits)","Starting December 2027, compute the COLA using a chained CPI-W (not applicable to DI benefits).",Targeted reduction in benefits; Does not affect disability benefits; Long-range effect: 0.49% of payroll; 75th year effect: 0.66% of payroll,0.49,0.66,14,14,Long-range effect: 0.49% of payroll,75th year effect: 0.66% of payroll,https://www.ssa.gov/oact/solvency/provisions/charts/chart_run097.html,https://www.ssa.gov/oact/solvency/provisions/tables/table_run097.html,,,,,,,,,,,
cola,Cost-of-Living Adjustment,A5,"Starting December 2025, add 1 percentage point to COLA for beneficiaries living past a specified age","Starting December 2025, add 1 percentage point to COLA for beneficiaries living past a specified age.",Increases benefits for the oldest beneficiaries; Targets support to those with longest lifespans; Long-range effect: -0.14% of payroll; 75th year effect: -0.14% of payroll,-0.13,-0.14,-4,-3,Long-range effect: -0.14% of payroll,75th year effect: -0.14% of payroll,https://www.ssa.gov/oact/solvency/provisions/charts/chart_run098.html,https://www.ssa.gov/oact/solvency/provisions/tables/table_run098.html,,,,,,,,,,,
cola,Cost-of-Living Adjustment,A6,"Starting December 2026, compute COLA using CPI-E, estimated to increase COLA by -0.2 percentage point","Starting December 2026, compute COLA using CPI-E, estimated to increase COLA by -0.2 percentage point.",Better reflects spending patterns of seniors; Typically results in higher COLAs; Long-range effect: -0.42% of payroll; 75th year effect: -0.57% of payroll,-0.42,-0.57,-12,-12,Long-range effect: -0.42% of payroll,75th year effect: -0.57% of payroll,https://www.ssa.gov/oact/solvency/provisions/charts/chart_run099.html,https://www.ssa.gov/oact/solvency/provisions/tables/table_run099.html,,,,,,,,,,,
cola,Cost-of-Living Adjustment,A7,"Starting December 2025, reduce COLA by 1 point, not below zero; no carryover of unused reduction","Starting December 2025, reduce COLA by 1 point, not below zero; no carryover of unused reduction.",Limits benefit reductions in low-inflation years; Still provides substantial long-term savings; Long-range effect: 1.83% of payroll; 75th year effect: 2.39% of payroll,1.83,2.39,52,52,Long-range effect: 1.83% of payroll,75th year effect: 2.39% of payroll,https://www.ssa.gov/oact/solvency/provisions/charts/chart_run100.html,https://www.ssa.gov/oact/solvency/provisions/tables/table_run100.html,,,,,,,,,,,
cola,Cost-of-Living Adjustment,A8,"COLA based on chain-weighted CPI-U for OASI only, starting December 2025","COLA based on chain-weighted CPI-U for OASI only, starting December 2025.",Targets retirement benefits only; Preserves disability benefits; Long-range effect: 0.55% of payroll; 75th year effect: 0.71% of payroll,0.55,0.71,16,15,Long-range effect: 0.55% of payroll,75th year effect: 0.71% of payroll,https://www.ssa.gov/oact/solvency/provisions/charts/chart_run101.html,https://www.ssa.gov/oact/solvency/provisions/tables/table_run101.html,,,,,,,,,,,
cola,Cost-of-Living Adjustment,A9,"For MAGI above a certain threshold, use chain-weighted CPI for COLA above threshold, starting December 2025","For MAGI above a certain threshold, use chain-weighted CPI for COLA above threshold, starting December 2025.",Progressive approach targeting higher-income beneficiaries; Protects lower-income recipients; Long-range effect: 1.3% of payroll; 75th year effect: 2.27% of payroll,1.3,2.27,37,49,Long-range effect: 1.3% of payroll,75th year effect: 2.27% of payroll,https://www.ssa.gov/oact/solvency/provisions/charts/chart_run102.html,https://www.ssa.gov/oact/solvency/provisions/tables/table_run102.html,,,,,,,,,,,
benefit_level,Level of Monthly Benefits (PIA),B1.1,Progressive price indexing (40th percentile) of PIA factors,Progressive price indexing (40th percentile) of PIA factors beginning with individuals newly eligible for OASDI in 2031.,Progressive reduction in benefits; Affects future beneficiaries only; Long-range effect: 2.96% of payroll; 75th year effect: 7.79% of payroll; Long-range shortfall eliminated: 85%; 75th year shortfall eliminated: 168%,2.96,7.79,85,168,Long-range effect: 2.96% of payroll,75th year effect: 7.79% of payroll,https://www.ssa.gov/oact/solvency/provisions/charts/chart_run103.html,https://www.ssa.gov/oact/solvency/provisions/tables/table_run103.html,,,,,,,,,,,
benefit_level,Level of Monthly Benefits (PIA),B1.2,Progressive price indexing (30th percentile) of PIA factors +,Progressive price indexing (30th percentile) of PIA factors beginning with individuals newly eligible for OASDI benefits in 2031: Create a new bend point at the 30th percentile of the AIME distribution of newly retired workers. Maintain current-law benefits for earners at the 30th percentile and below. Reduce the 32 and 15 percent factors above the 30th percentile such that the initial benefit for a worker with AIME equal to the taxable maximum grows by inflation rather than the growth in the SSA average wage index.,,1.64,4.34,47,94,,,,,,,,,,,,,,,
benefit_level,Level of Monthly Benefits (PIA),B1.3,Progressive price indexing (40th percentile) of PIA factors +,Progressive price indexing (40th percentile) of PIA factors beginning with individuals newly eligible for OASDI benefits in 2031: Create a new bend point at the 40th percentile of the AIME distribution of newly retired workers. Maintain current-law benefits for earners at the 40th percentile and below. Reduce the 32 and 15 percent factors above the 40th percentile such that the initial benefit for a worker with AIME equal to the taxable maximum grows by inflation rather than the growth in the SSA average wage index.,,1.4,3.71,40,80,,,,,,,,,,,,,,,
benefit_level,Level of Monthly Benefits (PIA),B1.4,Progressive price indexing (50th percentile) of PIA factors +,Progressive price indexing (50th percentile) of PIA factors beginning with individuals newly eligible for OASDI benefits in 2031: Create a new bend point at the 50th percentile of the AIME distribution of newly retired workers. Maintain current-law benefits for earners at the 50th percentile and below. Reduce the 32 and 15 percent factors above the 50th percentile such that the initial benefit for a worker with AIME equal to the taxable maximum grows by inflation rather than the growth in the SSA average wage index.,,1.17,2.91,33,63,,,,,,,,,,,,,,,
benefit_level,Level of Monthly Benefits (PIA),B1.5,Progressive price indexing (60th percentile) of PIA factors +,Progressive price indexing (60th percentile) of PIA factors beginning with individuals newly eligible for OASDI benefits in 2031: Create a new bend point at the 60th percentile of the AIME distribution of newly retired workers. Maintain current-law benefits for earners at the 60th percentile and below. Reduce the 32 and 15 percent factors above the 60th percentile such that the initial benefit for a worker with AIME equal to the taxable maximum grows by inflation rather than the growth in the SSA average wage index.,,0.88,1.99,25,43,,,,,,,,,,,,,,,
benefit_level,Level of Monthly Benefits (PIA),B2.1,PIA formula factors decrease due to increased longevity,PIA formula factors decrease due to increased longevity for those newly eligible in 2034.,Adjusts benefits based on demographic changes; Affects only future beneficiaries; Long-range effect: 0.56% of payroll; 75th year effect: 1.72% of payroll; Long-range shortfall eliminated: 16%; 75th year shortfall eliminated: 37%,0.56,1.72,16,37,Long-range effect: 0.56% of payroll,75th year effect: 1.72% of payroll,https://www.ssa.gov/oact/solvency/provisions/charts/chart_run110.html,https://www.ssa.gov/oact/solvency/provisions/tables/table_run110.html,,,,,,,,,,,
benefit_level,Level of Monthly Benefits (PIA),B3.10,,"Beginning with those newly eligible for OASDI benefits in 2031, gradually increase the first PIA bend point in each year so that it is 15 percent higher for those newly eligible in 2045 and later.",,-0.39,-0.71,-11,-15,,,https://www.ssa.gov/oact/solvency/provisions/charts/chart_run212.html,https://www.ssa.gov/oact/solvency/provisions/tables/table_run212.html,,,,,,,,,,,
benefit_level,Level of Monthly Benefits (PIA),B3.11,,Increase the first PIA factor from 90 percent to 93 percent for all beneficiaries eligible as of January 2026 and for those newly eligible for benefits after 2025.,,-0.24,-0.26,-7,-6,,,,,,,,,,,,,,,
benefit_level,Level of Monthly Benefits (PIA),B3.12,,"Use an annualized ""mini-PIA"" formula beginning with retired workers newly eligible in 2031. For each indexed earnings year, compute an individual AIME and an individual PIA. Sum these individual PIAs for the 40 highest years of indexed earnings and divide that total amount by 37 to get the PIA for this provision. Phase-in over five years, meaning that in 2031, 80 percent of the benefit would be based on the old 35-year average PIA formula and 20 percent on the new mini-PIA formula, shifting by 20 percentage points each year until 100 percent is based on the new mini-PIA formula for those attaining age 62 in 2035. Disabled worker benefits are unchanged under this provision.",,0.23,0.37,7,8,,,,,,,,,,,,,,,
benefit_level,Level of Monthly Benefits (PIA),B3.13,,"For retired worker beneficiaries newly eligible in 2031 (excluding disabled workers), add a new bend point at the wage-indexed equivalent of the 50th percentile of the AIME distribution minus $100 (for 2015 eligibility) and change the PIA factors to 95/32/15/5. Also move the current-law first bend point from the wage-indexed equivalent of $1,174 in 2023 to $1,493 in 2024. Phase this provision in over 10 years (2031-2040). The phase-in would work on a weighted-average basis: 90% of CL formula + 10% of proposal formula for 2031, 80% of CL formula + 20% of proposal formula for 2032, and so on.",,0.1,0.21,3,5,,,,,,,,,,,,,,,
benefit_level,Level of Monthly Benefits (PIA),B3.14,,"Beginning with those newly eligible for OASDI benefits in 2026, reduce the 15 percent PIA factor by 2 percentage points per year so that it reaches 5 percent for those newly eligible in 2030 and later.",,0.37,0.55,11,12,,,,,,,,,,,,,,,
benefit_level,Level of Monthly Benefits (PIA),B3.15,,"Increase the 90 percent PIA formula factor to 91 percent for beneficiaries newly eligible in 2029, 92 percent for those newly eligible in 2030, ..., reaching 95 percent for those newly eligible in 2033 and later.",,-0.28,-0.44,-8,-10,,,,,,,,,,,,,,,
benefit_level,Level of Monthly Benefits (PIA),B3.16,,"For the OASI and DI computation of the PIA, gradually reduce the maximum number of drop-out years from 5 to 0, phased in over the years 2026-2034.",,1,1.75,28,38,,,,,,,,,,,,,,,
benefit_level,Level of Monthly Benefits (PIA),B3.17,,"Reduce the number of computation years (increase dropout years) for parents having a child in care under the age of 6. The parent must have no earnings (covered or non-covered) for the year to be eligible for the credit. Only one parent can claim the childcare added dropout year for a given earnings year. Each parent can earn at most 2 dropout years per child, and a maximum of 5 dropout years in total.",,-1.48,-1.57,-42,-34,,,,,,,,,,,,,,,
benefit_level,Level of Monthly Benefits (PIA),B3.8,,"Beginning with those newly eligible for OASDI benefits in 2031, create a new bend point at the 50th percentile of the AIME distribution of newly retired workers and gradually reduce all PIA factors except for the 90 percent factor. By 2064: a) the 32 percent PIA factor below the new bend point reduces to 30 percent; b) the 32 percent PIA factor above the new bend point reduces to 10 percent; and c) the 15 percent PIA factor reduces to 5 percent.",,1.02,2.43,29,52,,,,,,,,,,,,,,,
benefit_level,Level of Monthly Benefits (PIA),B3.9,,"Beginning with those newly eligible for OASDI benefits in 2037, gradually reduce the 15 percent PIA factor in each year so that it reaches 10 percent for those newly eligible in 2066 and later.",,0.1,0.27,3,6,,,,,,,,,,,,,,,
benefit_level,Level of Monthly Benefits (PIA),B4.1,,"Increase the number of years used to calculate benefits for retirees and survivors (but not for disabled workers) from 35 to 38, phased in over the years 2025-2029.",,0.28,0.39,8,8,,,,,,,,,,,,,,,
benefit_level,Level of Monthly Benefits (PIA),B4.2,,"Increase the number of years used to calculate benefits for retirees and survivors (but not for disabled workers) from 35 to 40, phased in over the years 2025-2033.",,0.45,0.66,13,14,,,,,,,,,,,,,,,
benefit_level,Level of Monthly Benefits (PIA),B4.3,,"For retired and disabled workers, reduce the maximum number of dropout years to 4 for workers newly eligible in 2026, to 3 for workers newly eligible in 2027, and to 2 for workers newly eligible in 2028 and later.",,0.59,0.89,17,19,,,,,,,,,,,,,,,
benefit_level,Level of Monthly Benefits (PIA),B4.4,,Give credit to parents with a child under 6 for earnings for up to five years. The earnings credited for a childcare year equal one half of the SSA average wage index. The credits are available for all past years to newly eligible retired-worker and disabled-worker beneficiaries starting in 2025. The 5 years are chosen to yield the largest increase in AIME.,,-0.06,-0.06,-2,-1,,,,,,,,,,,,,,,
benefit_level,Level of Monthly Benefits (PIA),B4.5,,"For retired worker and disabled worker beneficiaries becoming initially eligible in January 2031 or later, phase in a new benefit formula (from 2031 to 2040). Replace the existing two primary insurance amount (PIA) bend points with three new bend points.",,0.36,0.51,10,11,,,,,,,,,,,,,,,
benefit_level,Level of Monthly Benefits (PIA),B5.1,,"Increase the PIA to a level such that a worker with 30 years of earnings at the minimum wage level receives an adjusted PIA equal to 120 percent of the Federal poverty level for an aged individual. This provision takes full effect for all newly eligible OASDI workers in 2042, and is phased in for new eligibles in 2033 through 2041.",,0,0,0,0,,,,,,,,,,,,,,,
benefit_level,Level of Monthly Benefits (PIA),B5.10,,"Reconfigure the special minimum benefit, phased in for retired and disabled workers newly eligible from 2031 through 2040: (a) A year of work (YOW) coverage is equal to earnings at or above $10,875 in 2024 (reflecting a full-time worker earning the federal minimum wage), adjusted thereafter for wage growth.",,-0.38,-0.64,-11,-14,,,,,,,,,,,,,,,
benefit_level,Level of Monthly Benefits (PIA),B5.11,,"Beginning for those newly eligible in 2025, reconfigure the special minimum benefit: (a) The number of years of work (YOWs) is determined as total quarters of coverage divided by 4, ignoring any fraction. Childcare years are granted to parents who have a child under 6, with a limit of 5 such years.",,-0.09,-0.13,-3,-3,,,,,,,,,,,,,,,
benefit_level,Level of Monthly Benefits (PIA),B5.2,,"Beginning for those newly eligible in 2025, reconfigure the special minimum benefit: (a) A year of coverage is defined as a year in which 4 quarters of coverage are earned. (b) At implementation, set the PIA for 30 years of coverage equal to 125 percent of the monthly poverty level (about $1,519 in 2023).",,-0.13,-0.19,-4,-4,,,,,,,,,,,,,,,
benefit_level,Level of Monthly Benefits (PIA),B5.3,,"Beginning for those newly eligible in 2025, reconfigure the special minimum benefit: (a) A year of coverage is defined to be either a year in which 4 quarters of coverage are earned or a child is in care. Childcare years are granted to parents who have a child under 5, with a limit of 8 such years.",,-0.21,-0.29,-6,-6,,,,,,,,,,,,,,,
benefit_level,Level of Monthly Benefits (PIA),B5.4,,"Beginning for those newly eligible in 2031, reconfigure the special minimum benefit: (a) A year of coverage is defined as a year in which 4 quarters of coverage are earned. (b) At implementation, set the PIA for 30 years of coverage equal to 125 percent of the monthly poverty level.",,-0.09,-0.14,-3,-3,,,,,,,,,,,,,,,
benefit_level,Level of Monthly Benefits (PIA),B5.5,,"Beginning for those newly eligible in 2026, reconfigure the special minimum benefit: (a) A year of coverage is defined as a year in which either 20 percent of the old law maximum is earned or a child is in care. Childcare years are granted to parents who have a child under 6, with a limit of 8 such years.",,0,-0.01,0,0,,,,,,,,,,,,,,,
benefit_level,Level of Monthly Benefits (PIA),B5.6,,"Beginning for those newly eligible in 2025, reconfigure the special minimum benefit: (a) A year of coverage is defined to be either a year in which 4 quarters of coverage are earned or a child is in care. Childcare years are granted to parents who have a child under 6, with a limit of 5 such years.",,-0.07,-0.11,-2,-2,,,,,,,,,,,,,,,
benefit_level,Level of Monthly Benefits (PIA),B5.7,,"Beginning for those newly eligible in 2027, reconfigure the special minimum benefit: (a) The number of years of work (YOWs) is determined as total quarters of coverage divided by 4, ignoring any fraction. Childcare years are granted to parents who have a child under 6, with a limit of 5 such years.",,-0.02,0,-1,0,,,,,,,,,,,,,,,
benefit_level,Level of Monthly Benefits (PIA),B5.8,,"Beginning in 2029, create a Basic Minimum Benefit (BMB) within Social Security (i.e., the cost of the BMB would be charged as a cost to the OASI Trust Fund), with the following specifications: (1) Eligibility for the BMB would be limited to OASI beneficiaries who have attained normal retirement age (NRA) or above.",,-0.21,-0.25,-6,-5,,,,,,,,,,,,,,,
benefit_level,Level of Monthly Benefits (PIA),B5.9,,"Beginning for those newly eligible in 2026, reconfigure the special minimum benefit: (a) A year of coverage is defined as a year in which 4 quarters of coverage are earned. (b) At implementation, set the PIA for 40 years of coverage equal to 125 percent of the monthly Aged Federal poverty level (about $1,522 in 2023).",,-0.15,-0.23,-4,-5,,,,,,,,,,,,,,,
benefit_level,Level of Monthly Benefits (PIA),B6.1,,Provide a 5 percent increase to the monthly benefit amount (MBA) of any beneficiary who is 85 or older at the beginning of 2025 or who reaches their 85th birthday after the beginning of 2025.,,-0.13,-0.18,-4,-4,,,,,,,,,,,,,,,
benefit_level,Level of Monthly Benefits (PIA),B6.2,,Provide the same dollar amount increase to the monthly benefit amount (MBA) of any beneficiary who is 85 or older at the beginning of 2025 or who reaches their 85th birthday after the beginning of 2025. The dollar amount of increase equals 5 percent of the average retired-worker MBA in the prior year.,,-0.13,-0.18,-4,-4,,,,,,,,,,,,,,,
benefit_level,Level of Monthly Benefits (PIA),B6.3,,"Provide an increase in the benefit level of any beneficiary who is 85 or older at the beginning of 2026 or who reaches their 85th birthday after the beginning of 2026. Increase the beneficiary's PIA based on an amount equal to the average retired-worker PIA at the end of 2025, or at the end of the year age 80 if later.",,-0.16,-0.21,-5,-5,,,,,,,,,,,,,,,
benefit_level,Level of Monthly Benefits (PIA),B6.4,,"Starting in 2025, provide a 5 percent uniform benefit increase 24 years after initial benefit eligibility. Phase in the benefit increase at 1 percent per year from the 20th through 24th years after eligibility.",,-0.18,-0.24,-5,-5,,,,,,,,,,,,,,,
benefit_level,Level of Monthly Benefits (PIA),B6.5,,"Starting in 2027, provide a 5 percent uniform PIA increase 20 years after benefit eligibility. Phase in the PIA increase at 1 percent per year from the 16th through 20th years after eligibility.",,-0.28,-0.34,-8,-7,,,,,,,,,,,,,,,
benefit_level,Level of Monthly Benefits (PIA),B6.6,,"Starting in 2031, provide a uniform PIA increase in the 24th year of benefit eligibility. Phase in the PIA increase at 0.5 percent per year from the 15th through the 24th years of eligibility.",,-0.23,-0.32,-7,-7,,,,,,,,,,,,,,,
benefit_level,Level of Monthly Benefits (PIA),B6.7,,"Starting in 2031, provide an addition to monthly benefits for all beneficiaries who have been eligible for at least 20 years, with the following specifications: (1) Augment benefits (not the PIA) for those of qualifying age and eligibility duration with a MAGI below about $30,000 if single and $60,000 if married.",,-0.06,-0.07,-2,-1,,,,,,,,,,,,,,,
benefit_level,Level of Monthly Benefits (PIA),B6.8,,"Starting in January 2031, provide an additional monthly benefit equal to 1/12th of 2 percent of the AWI for the second prior year.",,,-0.3,-0.38,-8,,,,,,,,,,,,,,,
benefit_level,Level of Monthly Benefits (PIA),B7.10,,"Beginning in January 2027, eliminate the retirement earnings test for all beneficiaries under normal retirement age, including retired workers, aged spouses, aged widow(er)s, young spouses with a child in care, young surviving spouses with a child in care, and children.",,0.05,0.08,1,2,,,,,,,,,,,,,,,
benefit_level,Level of Monthly Benefits (PIA),B7.11,,"Provide an option to split the 8-percent delayed retirement credit (DRC) to offer a lump sum benefit at initial entitlement equal to 2 percent of the 8 percent DRC earned, and a 6 percent DRC on subsequent monthly benefits, effective for workers newly entitled to retired worker benefits in 2027 and later.",,0.03,0.12,1,3,,,,,,,,,,,,,,,
benefit_level,Level of Monthly Benefits (PIA),B7.12,,"Eliminate the DI 5-month waiting period for disabled workers and disabled surviving spouses, and eliminate the 24-month Medicare (HI) waiting period for individuals who have become entitled to Social Security disability benefits. Effective with 2025 applications.",,0,0,0,0,,,,,,,,,,,,,,,
benefit_level,Level of Monthly Benefits (PIA),B7.13,,"Eliminate completely the Windfall Elimination Provision (WEP) and Government Pension Offset (GPO), effective 2025.",,-0.09,-0.1,-3,-2,,,,,,,,,,,,,,,
benefit_level,Level of Monthly Benefits (PIA),B7.14,,"Eliminate completely the Windfall Elimination Provision (WEP) and Government Pension Offset (GPO), effective 2025.",,-0.12,-0.12,-4,-3,,,,,,,,,,,,,,,
benefit_level,Level of Monthly Benefits (PIA),B7.2,,Reduce benefits by 5 percent for those newly eligible for benefits in 2025 and later.,,0.62,0.85,18,18,,,,,,,,,,,,,,,
benefit_level,Level of Monthly Benefits (PIA),B7.3,,Increase benefits by 5 percent for all beneficiaries as of the beginning of 2025 and for those newly eligible for benefits after the beginning of 2025.,,-0.23,-0.32,-7,-7,,,,,,,,,,,,,,,
benefit_level,Level of Monthly Benefits (PIA),B7.5,,"Reduce individual Social Security benefits if modified adjusted gross income, or MAGI (AGI less taxable Social Security benefits plus nontaxable interest income) is above $60,000 for single taxpayers or $120,000 for taxpayers filing jointly.",,-0.8,-0.85,-23,-18,,,,,,,,,,,,,,,
benefit_level,Level of Monthly Benefits (PIA),B7.7,,"Replace the Windfall Elimination Provision (WEP) and Government Pension Offset (GPO) with a revised reduction for most OASI benefits based on all earnings, beginning with beneficiaries newly eligible in 2031.",,0.5,0.69,14,15,,,,,,,,,,,,,,,
benefit_level,Level of Monthly Benefits (PIA),B7.8,,"Beginning for newly eligible retired workers and spouses in 2031, all claimants who are married would receive a specified joint-and-survivor annuity benefit (i.e., surviving spouses would receive 75 percent of the decedents' benefits, in addition to their own) that would be payable if both were still alive.",,0.07,0.11,2,2,,,,,,,,,,,,,,,
benefit_level,Level of Monthly Benefits (PIA),B7.9,,"Replace the current-law WEP with a new calculation for most OASI and DI benefits based on covered and non-covered earnings, phased in for beneficiaries becoming newly eligible in 2031 through 2040.",,-0.01,-0.29,0,-6,,,,,,,,,,,,,,,
retirement_age,,C1.1,,"Starting with those age 62 in 2025, increase the normal retirement age (NRA) 1 month every 2 years until the NRA reaches 68.",,0.43,0.71,12,15,,,,,,,,,,,,,,,
retirement_age,Retirement Age,C1.2,,Increase the normal retirement age (NRA) 2 months per year for those age 62 starting in 2025 and ending in 2030 (NRA reaches 68 for those age 62 in 2030).,,0.53,0.71,15,15,,,,,,,,,,,,,,,
retirement_age,Retirement Age,C1.3,,Starting for those age 62 in 2025," index the normal retirement age (NRA) to maintain a constant ratio of expected retirement years (life expectancy at NRA) to potential work years (NRA minus 20). We assume the NRA will increase 1 month every 2 years.""""",0.68,1.8,19,39,,,https://www.ssa.gov/oact/solvency/provisions/charts/chart_run147.html,https://www.ssa.gov/oact/solvency/provisions/tables/table_run147.html,,,,,, ,,,,,
retirement_age,Retirement Age,C1.4,"Increase NRA 3 months/year from 2025 to 2032, up to age 69",Increase the normal retirement age (NRA) 3 months per year for those age 62 starting in 2025 and ending in 2032 (NRA reaches 69 for those age 62 in 2032). Increase the age up to which delayed retirement credits may be earned from 70 to 72 on the same schedule.,,1.32,2.56,38,55,,,,,,,,,, ,,,,,
retirement_age,Retirement Age,C1.6,,Increase the earliest eligibility age (EEA) by 2 months per year for those age 62 starting in 2026 and ending in 2043 (EEA reaches 65 for those age 62 in 2043).,,0.64,1.35,18,29,,,,,,,,,,,,,,,
retirement_age,Retirement Age,C1.7,,Starting for those age 62 in 2025, index the normal retirement age (NRA) to maintain a constant ratio of expected retirement years (life expectancy at NRA) to potential work years (NRA minus 20). We assume the NRA will increase 1 month every 2 years. Also,1.01,1.36,29,29,,,,,,,,,,,,,,,
retirement_age,Retirement Age,C2.1,,Starting for those age 62 in 2025," index the normal retirement age (NRA) to maintain a constant ratio of expected retirement years (life expectancy at NRA) to potential work years (NRA minus 20). We assume the NRA will increase 1 month every 2 years. Also  raise the earliest eligibility age (EEA) for retired-workers  aged widow(er)s  and disabled widow(er)s by the same amount as the NRA.""""",-0.1,-0.44,-3,-9,,,,,,,,,,,,,,,
retirement_age,Retirement Age,C2.2,,Increase the normal retirement age (NRA) 2 months per year for those age 62 starting in 2025 and ending in 2036 (NRA reaches 69 for those age 62 in 2036). Thereafter," increase the NRA 1 month every 2 years.""""",0.66,1.51,19,33,,,,,,,,,,, ,,,,
retirement_age,Retirement Age,C2.3,,Starting with those age 62 in 2025," increase the normal retirement age (NRA) 1 month every 2 years until the NRA reaches 69. Also increase the age up to which the delayed retirement credit may be earned at the same rate (from 70 to 72). No change to earliest eligibility age.""""",0.49,1.15,14,25,,,,,,,,,,,,,,,
retirement_age,Retirement Age,C2.4,,Starting for those age 62 in 2025, increase both the normal retirement age (NRA) and the earliest eligibility age (EEA) by 36/47 of a month per year until the NRA and EEA reach 70 and 65 respectively. For each year,0.91,1.81,26,39,,,,,,,,,,,,,,,
retirement_age,Retirement Age,C2.5,,Starting for those age 62 in 2025, index the normal retirement age (NRA) to maintain a constant ratio of expected retirement years (life expectancy at NRA) to potential work years (NRA minus 20). We assume the NRA will increase 1 month every 2 years. Also,1.65,2.93,47,63,,,,,,,,,,,, ,,,
retirement_age,Retirement Age,C2.6,,Starting for those age 62 in 2025," increase the normal retirement age (NRA) 3 months per year for those age 62 starting in 2025 and ending in 2030 (NRA reaches 67 and 6 months for those age 62 in 2030); thereafter increase the NRA 2 months per year until reaching 69; thereafter increase the NRA 1 month every 2 years.""""",0.92,1.05,26,23,,,,,,,,,,,,,,, 
retirement_age,Retirement Age,C2.7,,Starting for those age 62 in 2025," increase the normal retirement age (NRA) 3 months per year until reaching 69 for those age 62 in 2033; thereafter increase the NRA 1 month every 2 years until it reaches 70 for those age 62 in 2057.""""",0.86,1.05,25,23,,,,,,,,,,, ,,,,
retirement_age,Retirement Age,C2.8,,Starting for those age 62 in 2031," increase the normal retirement age (NRA) 2 months per year until reaching 69 and 8 months for those age 62 in 2042.""""",0.38,0.68,11,15,,,,,,,,,,, ,,,,
family_benefits,Benefits for Family Members,D1,,Beginning in 2025, continue benefits for children of disabled or deceased workers until age 22 if the child is in high school,-0.05,-0.05,-1,-1,,,,,,,,,,,, ,,,
family_benefits,Benefits for Family Members,D2,,The current spouse benefit is based on 50 percent of the PIA of the other spouse. Reduce this percent each year by 1 percentage point beginning with newly eligible spouses in 2025," until the percent reaches 33 in 2041.""""",0.09,0.13,3,3,,,,,,,,,,,, ,,,
family_benefits,Benefits for Family Members,D3,,Allow divorced aged spouses and divorced surviving spouses married 5 to 9 years to get benefits based on the former spouse's account. Divorced aged and surviving spouses would receive 50% of the applicable current law PIA percentage if married 5 years, 60% of the applicable PIA percentage if married 6 years,-0.01,-0.01,0,0,Long-range effect: -0.1% of payroll,75th year effect: -0.11% of payroll,https://www.ssa.gov/oact/solvency/provisions/charts/chart_run130.html,https://www.ssa.gov/oact/solvency/provisions/tables/table_run130.html,,,,,,, ,,,,
family_benefits,Benefits for Family Members,D4,Alternative survivor benefit equal to 75% of combined benefits,"Alternative survivor benefit equal to 75% of combined survivor and deceased benefits, capped at average wage-indexed PIA.",Improves benefits for many survivors; Targets support to vulnerable populations; Long-range effect: -0.1% of payroll; 75th year effect: -0.11% of payroll; Long-range shortfall eliminated: -3%; 75th year shortfall eliminated: -2%,-0.1,-0.11,-3,-2,,,,,,,,,,, ,,,,
family_benefits,Benefits for Family Members,D4,,Establish an alternative benefit for a surviving spouse. For the surviving spouse," the alternative benefit would equal 75 percent of the sum of the survivor's own worker benefit and the deceased worker's PIA (including any actuarial reductions or delayed retirement credits).""""",-0.1,-0.11,-3,-2,,,,,,,,,,, ,,,,
family_benefits,Benefits for Family Members,D5,,Limit the spousal benefit to that received by the spouse of the 75th percentile career-average worker, beginning with retired workers newly eligible in 2031. For future cohorts,0.08,0.16,2,3,,,,,,,,,,,,, ,,
family_benefits,Benefits for Family Members,D6,,For spouses and children of retired and disabled workers becoming newly eligible beginning in 2031 and phased in for 2031 through 2040," limit their auxiliary benefit to one-half of the PIA for a hypothetical worker with earnings equal to the national average wage index (AWI) each year.""""",0.07,0.12,2,3,,,,,,,,,,, ,,,,
family_benefits,Benefits for Family Members,D7,,Beginning in January 2027," require full time school enrollment as a condition of eligibility for child benefits at age 15 up to 18.""""",0.01,0.01,0,0,,,,,,,,,,,,,, ,
family_benefits,Benefits for Family Members,D8,,Beginning in 2025, continue benefits for children of disabled,-0.07,-0.07,-2,-2,,,,,,,,,,,, ,,,
family_benefits,Benefits for Family Members,D9,,Provide for pro-rata benefit payment for the month of death of a beneficiary, rather than no payment for month of death. For situations where an auxiliary beneficiary is changed from one type of benefit to another upon the death of the worker,-0.03,-0.03,-1,-1,Long-range effect: 3.51% of payroll,75th year effect: 3.62% of payroll,https://www.ssa.gov/oact/solvency/provisions/charts/chart_run151.html,https://www.ssa.gov/oact/solvency/provisions/tables/table_run151.html,,,,,,,, ,,,
payroll_tax,Payroll Tax,E1.1,Increase payroll tax rate to 16.0 percent in 2025 and later,Increase the payroll tax rate (currently 12.4 percent) to 16.0 percent in 2025 and later.,Increases revenue through payroll tax changes; Broadens funding base; Long-range effect: 3.51% of payroll; 75th year effect: 3.62% of payroll,3.51,3.62,100,78,Long-range effect: 0.90% of payroll,75th year effect: 1.01% of payroll,https://www.ssa.gov/oact/solvency/provisions/charts/chart_run160.html,https://www.ssa.gov/oact/solvency/provisions/tables/table_run160.html,,,,,,, ,,,,
payroll_tax,Payroll Tax,E1.10,Increase payroll tax rate by 0.1 percentage point per year for 2026 through 2035,"Increase the payroll tax rate by 0.1 percentage point per year for 2026 through 2035 so that it equals 13.4 percent for 2035 and later. The increase would be split evenly between the employer and employee share, and would be split between OASI and DI in proportion to currently scheduled payroll tax rates.",Increases revenue through payroll tax changes; Broadens funding base; Long-range effect: 0.90% of payroll; 75th year effect: 1.01% of payroll,0.9,1.01,26,22,Long-range effect: 4.13% of payroll,75th year effect: 6.95% of payroll,https://www.ssa.gov/oact/solvency/provisions/charts/chart_run152.html,https://www.ssa.gov/oact/solvency/provisions/tables/table_run152.html,,,,,,, ,,,,
payroll_tax,Payroll Tax,E1.2,"Increase payroll tax rate to 15.9 percent in 2035-2064, and to 19.4 percent in years 2065 and later","Increase the payroll tax rate (currently 12.4 percent) to 15.9 percent in 2035-2064, and to 19.4 percent in years 2065 and later.",Increases revenue through payroll tax changes; Broadens funding base; Long-range effect: 4.13% of payroll; 75th year effect: 6.95% of payroll,4.13,6.95,118,150,Long-range effect: 1.50% of payroll,75th year effect: 2.02% of payroll,https://www.ssa.gov/oact/solvency/provisions/charts/chart_run154.html,https://www.ssa.gov/oact/solvency/provisions/tables/table_run154.html,,,,,,,,,,, 
payroll_tax,Payroll Tax,E1.4,Increase payroll tax rate by 0.1 percentage point each year from 2030-2049,"Increase the payroll tax rate (currently 12.4 percent) by 0.1 percentage point each year from 2030-2049, until the rate reaches 14.4 percent in 2049 and later.",Increases revenue through payroll tax changes; Broadens funding base; Long-range effect: 1.50% of payroll; 75th year effect: 2.02% of payroll,1.5,2.02,43,44,Long-range effect: 0.55% of payroll,75th year effect: 0.61% of payroll,https://www.ssa.gov/oact/solvency/provisions/charts/chart_run158.html,https://www.ssa.gov/oact/solvency/provisions/tables/table_run158.html,,,,,,,,, ,,
payroll_tax,Payroll Tax,E1.8,Increase payroll tax rate by 0.1 percentage point each year from 2027-2032,"Increase the payroll tax rate (currently 12.4 percent) by 0.1 percentage point each year from 2027-2032, until the rate reaches 13.0 percent for 2032 and later.",Increases revenue through payroll tax changes; Broadens funding base; Long-range effect: 0.55% of payroll; 75th year effect: 0.61% of payroll,0.55,0.61,16,13,Long-range effect: 1.79% of payroll,75th year effect: 2.42% of payroll,https://www.ssa.gov/oact/solvency/provisions/charts/chart_run159.html,https://www.ssa.gov/oact/solvency/provisions/tables/table_run159.html,,,,,,,,,,,
payroll_tax,Payroll Tax,E1.9,Increase payroll tax rate by 0.1 percentage point each year from 2028-2051,"Increase the payroll tax rate (currently 12.4 percent) by 0.1 percentage point each year from 2028-2051, until the rate reaches 14.8 percent in 2051 and later.",Increases revenue through payroll tax changes; Broadens funding base; Long-range effect: 1.79% of payroll; 75th year effect: 2.42% of payroll,1.79,2.42,51,52,Long-range effect: 2.22% of payroll,75th year effect: 2.20% of payroll,https://www.ssa.gov/oact/solvency/provisions/charts/chart_run171.html,https://www.ssa.gov/oact/solvency/provisions/tables/table_run171.html,,,,,,, ,,,,
payroll_tax,Payroll Tax,E2.11,Phase in elimination of taxable maximum with 5% formula factor,Eliminate the taxable maximum in years 2030 and later. Phase in elimination by taxing all earnings above the current-law taxable maximum at increasing rates. Provide benefit credit using a secondary PIA formula with a 5 percent formula factor.,Increases revenue with incremental implementation; Long-range effect: 2.22% of payroll; 75th year effect: 2.20% of payroll,2.22,2.2,64,47,Long-range effect: 2.01% of payroll,75th year effect: 2.15% of payroll,https://www.ssa.gov/oact/solvency/provisions/charts/chart_run172.html,https://www.ssa.gov/oact/solvency/provisions/tables/table_run172.html,,,,,,, ,,,,
payroll_tax,Payroll Tax,E2.12,"Apply 12.4% payroll tax on earnings above $400,000","Apply 12.4 percent payroll tax rate on earnings above $400,000 starting in 2025 and tax all earnings once the current-law taxable maximum exceeds $400,000. Do not provide benefit credit for additional earnings taxed.",Increases revenue by targeting very high earners; Long-range effect: 2.01% of payroll; 75th year effect: 2.15% of payroll,2.01,2.15,57,46,Long-range effect: 2.20% of payroll,75th year effect: 2.45% of payroll,https://www.ssa.gov/oact/solvency/provisions/charts/chart_run173.html,https://www.ssa.gov/oact/solvency/provisions/tables/table_run173.html,,,,,,, ,,,,
payroll_tax,Payroll Tax,E2.13,"Apply 12.4% payroll tax on earnings above $400,000 with benefit credit","Apply OASDI 12.4 percent payroll tax rate on earnings above $400,000 starting in 2026, and tax all earnings once the current-law taxable maximum exceeds $400,000. Provide benefit credit using a secondary PIA formula with 2 percent formula factor.",Increases revenue while providing some benefit credit for additional taxes; Long-range effect: 2.20% of payroll; 75th year effect: 2.45% of payroll,2.2,2.45,63,53,Long-range effect: 2.38% of payroll,75th year effect: 2.44% of payroll,https://www.ssa.gov/oact/solvency/provisions/charts/chart_run174.html,https://www.ssa.gov/oact/solvency/provisions/tables/table_run174.html,,,,,,, ,,,,
payroll_tax,Payroll Tax,E2.14,"Apply 12.4% payroll tax on earnings above $250,000 with benefit credit","Apply OASDI 12.4 percent payroll tax rate on earnings above $250,000 starting in 2026. Provide benefit credit using a secondary PIA formula with 2 percent formula factor.",Increases revenue by targeting high earners with some benefit credit; Long-range effect: 2.38% of payroll; 75th year effect: 2.44% of payroll,2.38,2.44,68,53,Long-range effect: 2.28% of payroll,75th year effect: 2.36% of payroll,https://www.ssa.gov/oact/solvency/provisions/charts/chart_run175.html,https://www.ssa.gov/oact/solvency/provisions/tables/table_run175.html,,,,,,, ,,,,
payroll_tax,Payroll Tax,E2.15,"Apply 12.4% payroll tax on earnings above $300,000 with benefit credit","Apply OASDI 12.4 percent payroll tax rate on earnings above $300,000 starting in 2026. Provide benefit credit using a secondary PIA formula with 3 percent formula factor.",Increases revenue with higher benefit credit percentage for affected earnings; Long-range effect: 2.28% of payroll; 75th year effect: 2.36% of payroll,2.28,2.36,65,51,Long-range effect: 2.34% of payroll,75th year effect: 2.38% of payroll,https://www.ssa.gov/oact/solvency/provisions/charts/chart_run176.html,https://www.ssa.gov/oact/solvency/provisions/tables/table_run176.html,,,,,,, ,,,,
payroll_tax,Payroll Tax,E2.16,"Apply 12.4% payroll tax on earnings above $250,000 with wage index adjustment","Apply OASDI 12.4 percent payroll tax rate on earnings above $250,000 starting in 2025. Increase the computed level of the SSA average wage index for years after 2024. Provide benefit credit using a secondary PIA formula.",Complex approach with both tax changes and wage index adjustments; Long-range effect: 2.34% of payroll; 75th year effect: 2.38% of payroll,2.34,2.38,67,51,Long-range effect: 2.18% of payroll,75th year effect: 2.46% of payroll,https://www.ssa.gov/oact/solvency/provisions/charts/chart_run178.html,https://www.ssa.gov/oact/solvency/provisions/tables/table_run178.html,,,,,,, ,,,,
payroll_tax,Payroll Tax,E2.18,Increase taxable maximum to 90% of earnings,Increase the taxable maximum such that 90 percent of earnings would be subject to the payroll tax (phased in 2025-2034). Provide benefit credit for earnings up to the revised taxable maximum.,Increases taxable earnings base more broadly; Long-range effect: 2.18% of payroll; 75th year effect: 2.46% of payroll,2.18,2.46,62,53,Long-range effect: 1.86% of payroll,75th year effect: 1.37% of payroll,,https://www.ssa.gov/oact/solvency/provisions/tables/table_run110.html,,,,,,,, ,,,
payroll_tax,Payroll Tax,E2.2,Eliminate the taxable maximum with benefit credit,"Eliminate the taxable maximum in years 2025 and later, and apply full 12.4 percent payroll tax rate to all earnings. Provide benefit credit for earnings above the current-law taxable maximum.",Increases revenue through payroll tax changes while maintaining benefit fairness; Long-range effect: 1.86% of payroll; 75th year effect: 1.37% of payroll,1.86,1.37,53,29,Long-range effect: 2.37% of payroll,75th year effect: 2.49% of payroll,https://www.ssa.gov/oact/solvency/provisions/charts/chart_run164.html,https://www.ssa.gov/oact/solvency/provisions/tables/table_run164.html,,,,,,,,, ,,
payroll_tax,Payroll Tax,E2.4,Phase in elimination of taxable maximum with secondary PIA formula,"Eliminate the taxable maximum for years 2031 and later (phased in 2025-2031), and apply full 12.4 percent payroll tax rate to all earnings. Provide benefit credit for earnings above the current-law taxable maximum that are subject to the payroll tax, using a secondary PIA formula.",Increases revenue through payroll tax changes with progressive benefit structure; Long-range effect: 2.37% of payroll; 75th year effect: 2.49% of payroll,2.37,2.49,68,54,Long-range effect: 2.49% of payroll,75th year effect: 2.60% of payroll,https://www.ssa.gov/oact/solvency/provisions/charts/chart_run165.html,https://www.ssa.gov/oact/solvency/provisions/tables/table_run165.html,,,,,,,,, ,,
payroll_tax,Payroll Tax,E2.5,"Apply 12.4% payroll tax on earnings above $250,000","Apply 12.4 percent payroll tax rate on earnings above $250,000 starting in 2025, and tax all earnings once the current-law taxable maximum exceeds $250,000. Do not provide benefit credit for additional earnings taxed.",Increases revenue by targeting very high earners; Creates a donut hole approach; Long-range effect: 2.49% of payroll; 75th year effect: 2.60% of payroll,2.49,2.6,71,56,Long-range effect: 0.84% of payroll,75th year effect: 0.69% of payroll,https://www.ssa.gov/oact/solvency/provisions/charts/chart_run181.html,https://www.ssa.gov/oact/solvency/provisions/tables/table_run181.html,,,,,,,, ,,,
payroll_tax,Payroll Tax,E3.1,Increase taxable maximum to 90% without benefit credit,Increase the taxable maximum such that 90 percent of earnings would be subject to the payroll tax (phased in 2025-2034). Do not provide benefit credit for additional earnings taxed.,Increases revenue without increasing benefits; Long-range effect: 0.84% of payroll; 75th year effect: 0.69% of payroll,0.84,0.69,24,15,Long-range effect: 0.13% of payroll,75th year effect: 0.07% of payroll,https://www.ssa.gov/oact/solvency/provisions/charts/chart_run190.html,https://www.ssa.gov/oact/solvency/provisions/tables/table_run190.html,,,,,,,,,, ,
payroll_tax,Payroll Tax,E3.10,"Apply 2% payroll tax rate on earnings over $549,000 with proportional credit","Beginning in 2032, apply 2 percent payroll tax rate on earnings over the wage-indexed equivalent of $300,000 in 2017 (about $549,000 in 2032), with proportional benefit credit.",Very targeted approach for highest earners; Long-range effect: 0.13% of payroll; 75th year effect: 0.07% of payroll,0.13,0.07,4,2,Long-range effect: 0.19% of payroll,75th year effect: 0.22% of payroll,https://www.ssa.gov/oact/solvency/provisions/charts/chart_run191.html,https://www.ssa.gov/oact/solvency/provisions/tables/table_run191.html,,,,,,,,,, ,
payroll_tax,Payroll Tax,E3.11,"Apply 2% payroll tax rate on earnings over $549,000 without benefit credit","Beginning in 2032, apply 2 percent payroll tax rate on earnings over the wage-indexed equivalent of $300,000 in 2017 (about $549,000 in 2032). Do not provide benefit credit for additional earnings taxed.",Increased revenue from highest earners; Long-range effect: 0.19% of payroll; 75th year effect: 0.22% of payroll,0.19,0.22,6,5,Long-range effect: 0.16% of payroll,75th year effect: 0.18% of payroll,https://www.ssa.gov/oact/solvency/provisions/charts/chart_run193.html,https://www.ssa.gov/oact/solvency/provisions/tables/table_run193.html,,,,,,,,,, ,
payroll_tax,Payroll Tax,E3.13,Increase taxable maximum by twice the rate of AWI but never below 3%,"Beginning in 2026, increase the taxable maximum by twice the rate of increase in the national Average Wage Index, but never by less than 3 percent. Provide benefit credit for earnings up to the revised taxable maximum levels.",Accelerated growth in taxable maximum with minimum increase guarantee; Long-range effect: 0.16% of payroll; 75th year effect: 0.18% of payroll,0.16,0.18,4,4,Long-range effect: 1.56% of payroll,75th year effect: 1.45% of payroll,https://www.ssa.gov/oact/solvency/provisions/charts/chart_run194.html,https://www.ssa.gov/oact/solvency/provisions/tables/table_run194.html,,,,,,,,, ,,
payroll_tax,Payroll Tax,E3.14,Increase taxable maximum to 90% plus 6.2% tax rate above that level,"Increase the taxable maximum such that 90 percent of earnings are subject to the payroll tax (phased in 2025-2034). In addition, apply a tax rate of 6.2 percent for earnings above the revised taxable maximum. Provide benefit credit for earnings taxed up to the revised taxable maximum.",Two-tier approach with significant revenue increase; Long-range effect: 1.56% of payroll; 75th year effect: 1.45% of payroll,1.56,1.45,45,31,Long-range effect: 1.52% of payroll,75th year effect: 1.41% of payroll,https://www.ssa.gov/oact/solvency/provisions/charts/chart_run195.html,https://www.ssa.gov/oact/solvency/provisions/tables/table_run195.html,,,,,,,,, ,,
payroll_tax,Payroll Tax,E3.15,"Increase taxable maximum to $291,000 by 2029","Increase the taxable maximum linearly over 4 years to $291,000 for 2029. After 2029, index the taxable maximum to AWI plus 0.5 percentage point. Apply benefit credit on additional earnings taxed.",Specific target increase with higher indexing; Long-range effect: 1.52% of payroll; 75th year effect: 1.41% of payroll,1.52,1.41,43,30,Long-range effect: 0.32% of payroll,75th year effect: 0.33% of payroll,https://www.ssa.gov/oact/solvency/provisions/charts/chart_run196.html,https://www.ssa.gov/oact/solvency/provisions/tables/table_run196.html,,,,,,,,,,,
payroll_tax,Payroll Tax,E3.16,Increase taxable maximum to 90% with new bend point,Increase the taxable maximum by an additional 2 percent per year beginning in 2026 until taxable earnings equal 90 percent of covered earnings. Create a new bend point equal to the current-law taxable maximum with a 5 percent formula factor applying above the new bend point.,Combination of tax base increase and benefit formula change; Long-range effect: 0.32% of payroll; 75th year effect: 0.33% of payroll,0.32,0.33,9,7,Long-range effect: 1.13% of payroll,75th year effect: 1.56% of payroll,https://www.ssa.gov/oact/solvency/provisions/charts/chart_run197.html,https://www.ssa.gov/oact/solvency/provisions/tables/table_run197.html,,,,,,,,,,,
payroll_tax,Payroll Tax,E3.17,Increase taxable maximum to 90% with 2.5% formula factor,Increase the taxable maximum such that 90 percent of earnings would be subject to the payroll tax (phased in linearly from 2026-2031). Provide benefit credit using a secondary PIA formula with a 2.5 percent formula factor.,Progressive approach with targeted benefit increases; Long-range effect: 1.13% of payroll; 75th year effect: 1.56% of payroll,1.13,1.56,32,34,Long-range effect: 0.66% of payroll,75th year effect: 0.72% of payroll,https://www.ssa.gov/oact/solvency/provisions/charts/chart_run198.html,https://www.ssa.gov/oact/solvency/provisions/tables/table_run198.html,,,,,,,,,,,
payroll_tax,Payroll Tax,E3.18,"Apply 2% payroll tax rate on earnings over $500,000","Beginning in 2026, apply 2 percent payroll tax rate for earnings above the wage-indexed equivalent of $400,000 in 2017 (about $500,000 in 2026), with proportional benefit credit using a PIA formula factor of 0.5 percent.",Moderate additional revenue from very high earners; Long-range effect: 0.66% of payroll; 75th year effect: 0.72% of payroll,0.66,0.72,19,16,Long-range effect: 1.05% of payroll,75th year effect: 1.11% of payroll,https://www.ssa.gov/oact/solvency/provisions/charts/chart_run199.html,https://www.ssa.gov/oact/solvency/provisions/tables/table_run199.html,,,,,,,,,,,
payroll_tax,Payroll Tax,E3.19,"Apply 2% payroll tax rate on earnings above $400,000 (not indexed)","Beginning in 2026, apply 2 percent payroll tax rate on earnings above $400,000 (not indexed for future years). Provide proportional benefit credit using a secondary PIA formula with a 0.5 percent formula factor.",Targets high earners with threshold that captures more income over time; Long-range effect: 1.05% of payroll; 75th year effect: 1.11% of payroll,1.05,1.11,30,24,Long-range effect: 1.08% of payroll,75th year effect: 1.19% of payroll,https://www.ssa.gov/oact/solvency/provisions/charts/chart_run182.html,https://www.ssa.gov/oact/solvency/provisions/tables/table_run182.html,,,,,,,,,,,
payroll_tax,Payroll Tax,E3.2,Increase taxable maximum to 90% with benefit credit,Increase the taxable maximum such that 90 percent of earnings would be subject to the payroll tax (phased in 2025-2034). Provide benefit credit for earnings up to the revised taxable maximum.,Increases revenue with proportional benefit increases; Long-range effect: 1.08% of payroll; 75th year effect: 1.19% of payroll,1.08,1.19,31,26,Long-range effect: 0.70% of payroll,75th year effect: 0.72% of payroll,https://www.ssa.gov/oact/solvency/provisions/charts/chart_run185.html,https://www.ssa.gov/oact/solvency/provisions/tables/table_run185.html,,,,,,,,,,,
payroll_tax,Payroll Tax,E3.5,Increase taxable maximum by 2% per year starting in 2025,Increase the taxable maximum each year by an additional 2 percent beginning in 2025 until taxable earnings equal 90 percent of covered earnings. Provide benefit credit for earnings up to the revised taxable maximum.,Gradual increase in taxable earnings base; Long-range effect: 0.70% of payroll; 75th year effect: 0.72% of payroll,0.7,0.72,20,16,Long-range effect: 0.83% of payroll,75th year effect: 1.19% of payroll,https://www.ssa.gov/oact/solvency/provisions/charts/chart_run186.html,https://www.ssa.gov/oact/solvency/provisions/tables/table_run186.html,,,,,,,,,,, 
payroll_tax,Payroll Tax,E3.6,Increase taxable maximum by 2% per year starting in 2027 without benefit credit,Increase the taxable maximum each year by an additional 2 percent beginning in 2027 until taxable earnings equal 90 percent of covered earnings. Do not provide benefit credit for additional earnings taxed.,Increases revenue without increasing benefits; Long-range effect: 0.83% of payroll; 75th year effect: 1.19% of payroll,0.83,1.19,24,26,Long-range effect: 0.72% of payroll,75th year effect: 0.87% of payroll,https://www.ssa.gov/oact/solvency/provisions/charts/chart_run187.html,https://www.ssa.gov/oact/solvency/provisions/tables/table_run187.html,,,,,,,,,, ,
payroll_tax,Payroll Tax,E3.7,Increase taxable maximum by 2% per year with 5% formula factor,Increase the taxable maximum by an additional 2 percent per year beginning in 2026 until taxable earnings equal 90 percent of covered earnings. Provide benefit credit with a 5 percent formula factor applying above the current-law taxable maximum.,Progressive approach with greater revenue gains than benefit increases; Long-range effect: 0.72% of payroll; 75th year effect: 0.87% of payroll,0.72,0.87,21,19,Long-range effect: 0.18% of payroll,75th year effect: 0.10% of payroll,https://www.ssa.gov/oact/solvency/provisions/charts/chart_run188.html,https://www.ssa.gov/oact/solvency/provisions/tables/table_run188.html,,,,,,,,,,, 
payroll_tax,Payroll Tax,E3.8,"Apply 2% payroll tax rate on earnings over $366,000 with proportional credit","Beginning in 2032, apply 2 percent payroll tax rate on earnings over the wage-indexed equivalent of $200,000 in 2017 (about $366,000 in 2032), with proportional benefit credit.",Modest additional revenue with proportional benefits; Long-range effect: 0.18% of payroll; 75th year effect: 0.10% of payroll,0.18,0.1,5,2,Long-range effect: 0.26% of payroll,75th year effect: 0.30% of payroll,https://www.ssa.gov/oact/solvency/provisions/charts/chart_run189.html,https://www.ssa.gov/oact/solvency/provisions/tables/table_run189.html,,,,,,,,,, ,
payroll_tax,Payroll Tax,E3.9,"Apply 2% payroll tax rate on earnings over $366,000 without benefit credit","Beginning in 2032, apply 2 percent payroll tax rate on earnings over the wage-indexed equivalent of $200,000 in 2017 (about $366,000 in 2032). Do not provide benefit credit for additional earnings taxed.",Targets high earners with no additional benefits; Long-range effect: 0.26% of payroll; 75th year effect: 0.30% of payroll,0.26,0.3,7,6,Long-range effect: 0.15% of payroll,75th year effect: -0.17% of payroll,https://www.ssa.gov/oact/solvency/provisions/charts/chart_run231.html,https://www.ssa.gov/oact/solvency/provisions/tables/table_run231.html,,,,,,,,, ,,
coverage,Coverage of Employment,F1,Cover newly hired State and local government employees,"Starting in 2025, cover newly hired State and local government employees.",Expands coverage to additional workers; Increases system revenue; Long-range effect: 0.15% of payroll; 75th year effect: -0.17% of payroll,0.15,-0.17,4,-4,Long-range effect: 1.80% of payroll,75th year effect: 2.19% of payroll,https://www.ssa.gov/oact/solvency/provisions/charts/chart_run240.html,https://www.ssa.gov/oact/solvency/provisions/tables/table_run240.html,,,,,,,,,,,
coverage,Coverage of Employment,F10,Apply 12.4% tax on expanded net investment income,"Expand the tax on net investment income (NII) as defined in the Affordable Care Act (ACA) to cover earnings from active S corporation holders and active limited partners. Apply a 12.4-percent tax with thresholds of $400,000 for a single filer and $500,000 for married couples.",Comprehensive approach to investment income taxation; Long-range effect: 1.80% of payroll; 75th year effect: 2.19% of payroll,1.8,2.19,52,47,Long-range effect: 1.21% of payroll,75th year effect: 1.53% of payroll,https://www.ssa.gov/oact/solvency/provisions/charts/chart_run241.html,https://www.ssa.gov/oact/solvency/provisions/tables/table_run241.html,,,,,,,,,,,
coverage,Coverage of Employment,F11,"Apply 12.4% tax on net investment income above $400,000","Apply a separate 12.4-percent tax on net investment income (NII), as defined in the Affordable Care Act (ACA), with an unindexed threshold of $400,000, effective 2026 and later. Single threshold regardless of tax filing status.",Targets high-income investment earnings; Long-range effect: 1.21% of payroll; 75th year effect: 1.53% of payroll,1.21,1.53,34,33,Long-range effect: -0.81% of payroll,75th year effect: -1.02% of payroll,https://www.ssa.gov/oact/solvency/provisions/charts/chart_run232.html,https://www.ssa.gov/oact/solvency/provisions/tables/table_run232.html,,,,,,,,,,,
coverage,Coverage of Employment,F2,Exempt individuals with more than 180 quarters of coverage,"Starting in 2025, exempt individuals with more than 180 quarters of coverage from the OASDI payroll tax. Earnings exempted from OASDI payroll tax would not be used in computing benefits.",Reduces tax burden on long-term workers; Decreases system revenue; Long-range effect: -0.81% of payroll; 75th year effect: -1.02% of payroll,-0.81,-1.02,-23,-22,Long-range effect: 1.10% of payroll,75th year effect: 0.75% of payroll,https://www.ssa.gov/oact/solvency/provisions/charts/chart_run233.html,https://www.ssa.gov/oact/solvency/provisions/tables/table_run233.html,,,,,,,,,,,
coverage,Coverage of Employment,F3,Tax employer-sponsored health insurance premiums,"Expand covered earnings to include employer and employee premiums for employer-sponsored group health insurance (ESI). Starting in 2028, phase out the OASDI payroll tax exclusion for ESI premiums, fully eliminating the exclusion by 2038.",Broadens the tax base to include healthcare benefits; Long-range effect: 1.10% of payroll; 75th year effect: 0.75% of payroll,1.1,0.75,31,16,Long-range effect: 0.34% of payroll,75th year effect: 0.22% of payroll,https://www.ssa.gov/oact/solvency/provisions/charts/chart_run234.html,https://www.ssa.gov/oact/solvency/provisions/tables/table_run234.html,,,,,,,,,,,
coverage,Coverage of Employment,F4,Tax salary reduction contributions,"Expand covered earnings to include contributions to voluntary salary reduction plans (such as Cafeteria 125 plans and Flexible Spending Accounts), starting in 2025.",Treats flexible spending contributions like 401(k) contributions; Long-range effect: 0.34% of payroll; 75th year effect: 0.22% of payroll,0.34,0.22,10,5,Long-range effect: 0.67% of payroll,75th year effect: 0.80% of payroll,https://www.ssa.gov/oact/solvency/provisions/charts/chart_run236.html,https://www.ssa.gov/oact/solvency/provisions/tables/table_run236.html,,,,,,,,,,,
coverage,Coverage of Employment,F6,Apply 6.2% tax on investment income,"Apply a separate 6.2 percent tax on investment income as defined in the Affordable Care Act (ACA), with unindexed thresholds as in the ACA ($200,000 for single filer, $250,000 for married filing jointly), starting in 2026.",Expands revenue sources beyond payroll; Targets investment income; Long-range effect: 0.67% of payroll; 75th year effect: 0.80% of payroll,0.67,0.8,19,17,Long-range effect: 0.61% of payroll,75th year effect: 0.77% of payroll,https://www.ssa.gov/oact/solvency/provisions/charts/chart_run237.html,https://www.ssa.gov/oact/solvency/provisions/tables/table_run237.html,,,,,,,,,,,
coverage,Coverage of Employment,F7,Redirect estate tax to OASDI Trust Funds,"For the estate tax, gift tax, and generation skipping transfer (GST) tax, return to 2009 levels ($3.5 million threshold for estate tax with a top 45% tax rate) for deaths and gifts after 2024, with proceeds going to the OASI and DI Trust Funds.",Uses estate tax revenue to fund Social Security; Long-range effect: 0.61% of payroll; 75th year effect: 0.77% of payroll,0.61,0.77,17,17,Long-range effect: 0.93% of payroll,75th year effect: 1.00% of payroll,https://www.ssa.gov/oact/solvency/provisions/charts/chart_run238.html,https://www.ssa.gov/oact/solvency/provisions/tables/table_run238.html,,,,,,,,,,,
coverage,Coverage of Employment,F8,Apply 12.4% tax on investment income,"Apply a separate 12.4 percent tax on investment income as defined in the Affordable Care Act (ACA), with unindexed thresholds as in the ACA ($200,000 single filer, $250,000 for married filing joint), starting in 2026.",Significantly expands revenue sources to investment income; Long-range effect: 0.93% of payroll; 75th year effect: 1.00% of payroll,0.93,1,27,22,Long-range effect: 1.31% of payroll,75th year effect: 1.56% of payroll,https://www.ssa.gov/oact/solvency/provisions/charts/chart_run239.html,https://www.ssa.gov/oact/solvency/provisions/tables/table_run239.html,,,,,,,,,,,
coverage,Coverage of Employment,F9,Apply 16.2% tax on S-corporation officers and limited partners,"For active S-corporation officers and limited partners, apply a 16.2 percent tax on investment income as defined in the ACA, with unindexed thresholds as in the ACA ($200,000 single filer, $250,000 for married filing joint), starting in 2025.",Targets S-corporation income often used to avoid payroll taxes; Long-range effect: 1.31% of payroll; 75th year effect: 1.56% of payroll,1.31,1.56,38,34,Long-range effect: 0.50% of payroll,75th year effect: 0.37% of payroll,https://www.ssa.gov/oact/solvency/provisions/charts/chart_run251.html,https://www.ssa.gov/oact/solvency/provisions/tables/table_run251.html,,,,,,,,,,,
trust_fund,Trust Fund Investment,G1,Invest 40 of Trust Funds in equities with 5.8% return,"Invest 40 percent of the OASI and DI Trust Fund reserves in equities (phased in 2025-2039), assuming an ultimate 5.8 percent annual real rate of return on equities.",Increases trust fund returns through diversification; Long-range effect: 0.50% of payroll; 75th year effect: 0.37% of payroll,0.5,0.37,14,8,Long-range effect: 0.37% of payroll,75th year effect: 0.25% of payroll,https://www.ssa.gov/oact/solvency/provisions/charts/chart_run252.html,https://www.ssa.gov/oact/solvency/provisions/tables/table_run252.html,,,,,,,,,,,
trust_fund,Trust Fund Investment,G2,Invest 25% of Trust Funds in equities with 2.3% return,"Invest 25 percent of the OASI and DI Trust Fund reserves in equities (phased in 2027-2036), assuming an ultimate 2.3 percent annual real rate of return on equities. Thus, the ultimate rate of return on equities is the same as that assumed for Trust Fund bonds.",Conservative equity investment approach; Long-range effect: 0.37% of payroll; 75th year effect: 0.25% of payroll,0.37,0.25,11,5,Long-range effect: 0.78% of payroll,75th year effect: 0.59% of payroll,https://www.ssa.gov/oact/solvency/provisions/charts/chart_run253.html,https://www.ssa.gov/oact/solvency/provisions/tables/table_run253.html,,,,,,,,,,,
trust_fund,Trust Fund Investment,G3,Invest 40% of Trust Funds in equities with 5.8% return,"Invest 40 percent of the OASI and DI Trust Fund reserves in equities (phased in 2027-2036), assuming an ultimate 5.8 percent annual real rate of return on equities.",More aggressive equity investment approach; Long-range effect: 0.78% of payroll; 75th year effect: 0.59% of payroll,0.78,0.59,22,13,Long-range effect: 0.20% of payroll,75th year effect: 0.15% of payroll,https://www.ssa.gov/oact/solvency/provisions/charts/chart_run254.html,https://www.ssa.gov/oact/solvency/provisions/tables/table_run254.html,,,,,,,,,,,
trust_fund,Trust Fund Investment,G4,Invest 15% of Trust Funds in equities with 5.8% return,"Invest 15 percent of the OASI and DI Trust Fund reserves in equities (phased in 2027-2036), assuming an ultimate 5.8 percent annual real rate of return on equities.",Conservative equity allocation with standard returns; Long-range effect: 0.20% of payroll; 75th year effect: 0.15% of payroll,0.2,0.15,6,3,Long-range effect: 0.14% of payroll,75th year effect: 0.10% of payroll,https://www.ssa.gov/oact/solvency/provisions/charts/chart_run255.html,https://www.ssa.gov/oact/solvency/provisions/tables/table_run255.html,,,,,,,,,,,
trust_fund,Trust Fund Investment,G5,Invest 15% of Trust Funds in corporate bonds with 3.8% return,"Invest 15 percent of the OASI and DI Trust Fund reserves in corporate bonds (phased in 2027-2036), assuming an ultimate 3.8 percent annual real rate of return on corporate bonds.",Diversifies trust fund holdings with moderate risk; Long-range effect: 0.14% of payroll; 75th year effect: 0.10% of payroll,0.14,0.1,4,2,Long-range effect: 0.32% of payroll,75th year effect: 0.24% of payroll,https://www.ssa.gov/oact/solvency/provisions/charts/chart_run256.html,https://www.ssa.gov/oact/solvency/provisions/tables/table_run256.html,,,,,,,,,,,
trust_fund,Trust Fund Investment,G6,Invest 40% of Trust Funds in equities with 3.8% return,"Invest 40 percent of the OASI and DI Trust Fund reserves in equities (phased in 2027-2036), assuming an ultimate 3.8 percent annual real rate of return on equities.",Large equity allocation with moderate return expectations; Long-range effect: 0.32% of payroll; 75th year effect: 0.24% of payroll,0.32,0.24,9,5,Long-range effect: 0.50% of payroll,75th year effect: 0.35% of payroll,https://www.ssa.gov/oact/solvency/provisions/charts/chart_run257.html,https://www.ssa.gov/oact/solvency/provisions/tables/table_run257.html,,,,,,,,,,,
trust_fund,Trust Fund Investment,G7,Invest 25% of Trust Funds in international equities with 5.8% return,"Invest 25 percent of the OASI and DI Trust Fund reserves in international equities (phased in 2027-2036), assuming an ultimate 5.8 percent annual real rate of return on equities.",Global diversification of trust fund assets; Long-range effect: 0.50% of payroll; 75th year effect: 0.35% of payroll,0.5,0.35,14,8,Long-range effect: 0.22% of payroll,75th year effect: 0.19% of payroll,https://www.ssa.gov/oact/solvency/provisions/charts/chart_run272.html,https://www.ssa.gov/oact/solvency/provisions/tables/table_run272.html,,,,,,,,,,,
taxation,Taxation of Benefits,H2,Tax up to 100% of benefits for high earners,"Beginning in 2031, for single/head-of-household/married-filing-separate taxpayers with MAGI of $250,000 or more and joint filers with MAGI of $500,000 or more, include up to the remaining 15 percent of Social Security benefits in taxable income (increased from up to 85 percent of benefits taxable under current law).",Increases taxation on high-income beneficiaries; Wage-indexed thresholds; Long-range effect: 0.22% of payroll; 75th year effect: 0.19% of payroll,0.22,0.19,6,4,Long-range effect: -0.10% of payroll,75th year effect: -0.01% of payroll,https://www.ssa.gov/oact/solvency/provisions/charts/chart_run274.html,https://www.ssa.gov/oact/solvency/provisions/tables/table_run274.html,,,,,,,,,,,
taxation,Taxation of Benefits,H4,Eliminate taxation of benefits with phased thresholds,"Eliminate federal income taxation of OASDI benefits that is credited to the OASI and DI Trust Funds for 2054 and later. Phase out OASDI taxation of benefits by increasing relevant income thresholds from 2045 through 2053, while maintaining Hospital Insurance Trust Fund revenue.",Reduces taxation of Social Security benefits; Phases out over 9 years; Long-range effect: -0.10% of payroll; 75th year effect: -0.01% of payroll,-0.1,-0.01,-3,0,Long-range effect: 0.02% of payroll,75th year effect: 0.02% of payroll,https://www.ssa.gov/oact/solvency/provisions/charts/chart_run275.html,https://www.ssa.gov/oact/solvency/provisions/tables/table_run275.html,,,,,,,,,,,
taxation,Taxation of Benefits,H5,Simplify benefit taxation with fixed thresholds,"Replace the current-law thresholds for federal income taxation of OASDI benefits with a single set of thresholds at $50,000 for single filers and $100,000 for joint filers for taxation of up to 85 percent of OASDI benefits, effective for tax year 2026. Thresholds would be fixed and not indexed.",Simplifies benefit taxation structure; Fixed income thresholds; Long-range effect: 0.02% of payroll; 75th year effect: 0.02% of payroll,0.02,0.02,0,0,Long-range effect: -0.62% of payroll,75th year effect: -1.11% of payroll,https://www.ssa.gov/oact/solvency/provisions/charts/chart_run276.html,https://www.ssa.gov/oact/solvency/provisions/tables/table_run276.html,,,,,,,,,,,
taxation,Taxation of Benefits,H6,Reduce taxation of benefits by half,"Reduce the portion of Social Security benefits subject to taxation from 85% to 42.5% for high earners and from 50% to 25% for moderate earners, phased in from 2025-2030. Continue to index current-law income thresholds by inflation.",Significantly reduces taxation on Social Security benefits; Long-range effect: -0.62% of payroll; 75th year effect: -1.11% of payroll,-0.62,-1.11,-18,-24,Long-range effect: -0.16% of payroll,75th year effect: -0.01% of payroll,https://www.ssa.gov/oact/solvency/provisions/charts/chart_run277.html,https://www.ssa.gov/oact/solvency/provisions/tables/table_run277.html,,,,,,,,,,,
taxation,Taxation of Benefits,H7,Index current thresholds to inflation,"Index the income thresholds for taxation of OASDI benefits to inflation starting in 2027. Current-law thresholds are $25,000 for single filers and $32,000 for joint filers for up to 50% of benefits taxed and $34,000 for single filers and $44,000 for joint filers for up to 85% of benefits taxed.",Prevents tax bracket creep through inflation adjustment; Long-range effect: -0.16% of payroll; 75th year effect: -0.01% of payroll,-0.16,-0.01,-5,0,,,,,,,,,,,,,,,
