payroll_tax,,E1.1,,"Increase the payroll tax rate (currently 12.4 percent) to 16.0 percent in 2025 and later.",,3.51,3.62,100,78,,,,,,,,,,
payroll_tax,,E1.2,,"Increase the payroll tax rate (currently 12.4 percent) to 15.9 percent in 2035-2064, and to 19.4 percent in years 2065 and later.",,4.13,6.95,118,150,,,,,,,,,,
payroll_tax,,E1.4,,"Increase the payroll tax rate (currently 12.4 percent) by 0.1 percentage point each year from 2030-2049, until the rate reaches 14.4 percent in 2049 and later.",,1.50,2.02,43,44,,,,,,,,,,
payroll_tax,,E1.8,,"Increase the payroll tax rate (currently 12.4 percent) by 0.1 percentage point each year from 2027-2032, until the rate reaches 13.0 percent for 2032 and later.",,0.55,0.61,16,13,,,,,,,,,,
payroll_tax,,E1.9,,"Increase the payroll tax rate (currently 12.4 percent) by 0.1 percentage point each year from 2028-2051, until the rate reaches 14.8 percent in 2051 and later.",,1.79,2.42,51,52,,,,,,,,,,
payroll_tax,,E1.10,,"Increase the payroll tax rate by 0.1 percentage point per year for 2026 through 2035 so that it equals 13.4 percent for 2035 and later. The increase would be split evenly between the employer and employee share, and would be split between OASI and DI in proportion to currently scheduled payroll tax rates.",,0.90,1.01,26,22,,,,,,,,,,
payroll_tax,,E2.1,,"Eliminate the taxable maximum in years 2025 and later, and apply full 12.4 percent payroll tax rate to all earnings. Do not provide benefit credit for earnings above the current-law taxable maximum.",,2.55,2.60,73,56,,,,,,,,,,
payroll_tax,,E2.2,,"Eliminate the taxable maximum in years 2025 and later, and apply full 12.4 percent payroll tax rate to all earnings. Provide benefit credit for earnings above the current-law taxable maximum.",,1.86,1.37,53,29,,,,,,,,,,
payroll_tax,,E2.4,,"Eliminate the taxable maximum for years 2031 and later (phased in 2025-2031), and apply full 12.4 percent payroll tax rate to all earnings. Provide benefit credit for earnings above the current-law taxable maximum that are subject to the payroll tax, using a secondary PIA formula.",,2.37,2.49,68,54,,,,,,,,,,
payroll_tax,,E2.5,,"Apply 12.4 percent payroll tax rate on earnings above $250,000 starting in 2025, and tax all earnings once the current-law taxable maximum exceeds $250,000. Do not provide benefit credit for additional earnings taxed.",,2.49,2.60,71,56,,,,,,,,,,
payroll_tax,,E2.11,,"Eliminate the taxable maximum in years 2030 and later. Phase in elimination by taxing all earnings above the current-law taxable maximum at: 2.48 percent in 2026, 4.96 percent in 2027, and so on, up to 12.40 percent in 2030.",,2.22,2.20,64,47,,,,,,,,,,
payroll_tax,,E2.12,,"Apply 12.4 percent payroll tax rate on earnings above $400,000 starting in 2025 and tax all earnings once the current-law taxable maximum exceeds $400,000. Do not provide benefit credit for additional earnings taxed.",,2.01,2.15,57,46,,,,,,,,,,
payroll_tax,,E2.13,,"Apply OASDI 12.4 percent payroll tax rate on earnings above $400,000 starting in 2026, and tax all earnings once the current-law taxable maximum exceeds $400,000. Provide benefit credit for earnings above the current-law taxable maximum that are subject to the payroll tax, using a secondary PIA formula.",,2.20,2.45,63,53,,,,,,,,,,
payroll_tax,,E2.14,,"Apply OASDI 12.4 percent payroll tax rate on earnings above $250,000 starting in 2026, and tax all earnings once the current-law taxable maximum exceeds $250,000. Provide benefit credit for earnings above the current-law taxable maximum that are subject to the payroll tax, using a secondary PIA formula.",,2.38,2.44,68,53,,,,,,,,,,
payroll_tax,,E2.15,,"Apply OASDI 12.4 percent payroll tax rate on earnings above $300,000 starting in 2026, and tax all earnings once the current-law taxable maximum exceeds $300,000. Provide benefit credit for earnings above the current-law taxable maximum that are subject to the payroll tax, using a secondary PIA formula.",,2.28,2.36,65,51,,,,,,,,,,
payroll_tax,,E2.16,,"Apply OASDI 12.4 percent payroll tax rate on earnings above $250,000 starting in 2025, and tax all earnings once the current-law taxable maximum exceeds $250,000. Increase the computed level of the SSA average wage index for years after 2024 by amounts ranging from 0.7 percent for 2025 to 0.9 percent for 2033 and later.",,2.34,2.38,67,51,,,,,,,,,,
payroll_tax,,E2.17,,"Apply the combined OASDI payroll tax rate on covered earnings above $400,000 paid in 2026 and later, and tax all covered earnings once the current-law taxable maximum exceeds $400,000. Increase the computed level of the AWI for years after 2025 by amounts ranging from 0.5 percent for 2026 to 0.9 percent for 2047 and later.",,2.30,2.60,66,56,,,,,,,,,,
payroll_tax,,E2.18,,"Eliminate the taxable maximum such that 90 percent of earnings would be subject to the payroll tax (phased in 2025-2034). Provide benefit credit for earnings up to the revised taxable maximum.",,2.18,2.46,62,53,,,,,,,,,,
payroll_tax,,E3.1,,"Increase the taxable maximum such that 90 percent of earnings would be subject to the payroll tax (phased in 2025-2034). Do not provide benefit credit for additional earnings taxed.",,0.84,0.69,24,15,,,,,,,,,,
payroll_tax,,E3.2,,"Increase the taxable maximum such that 90 percent of earnings would be subject to the payroll tax (phased in 2025-2034). Provide benefit credit for earnings up to the revised taxable maximum.",,1.08,1.19,31,26,,,,,,,,,,
payroll_tax,,E3.5,,"Increase the taxable maximum each year by an additional 2 percent beginning in 2025 until taxable earnings equal 90 percent of covered earnings. Provide benefit credit for earnings up to the revised taxable maximum.",,0.70,0.72,20,16,,,,,,,,,,
payroll_tax,,E3.6,,"Increase the taxable maximum each year by an additional 2 percent beginning in 2027 until taxable earnings equal 90 percent of covered earnings. Do not provide benefit credit for additional earnings taxed.",,0.83,1.19,24,26,,,,,,,,,,
payroll_tax,,E3.7,,"Increase the taxable maximum by an additional 2 percent per year beginning in 2026 until taxable earnings equal 90 percent of covered earnings. Provide benefit credit for earnings up to the revised taxable maximum.",,0.72,0.87,21,19,,,,,,,,,,
payroll_tax,,E3.8,,"Beginning in 2032, apply 2 percent payroll tax rate on earnings over the wage-indexed equivalent of $200,000 in 2017 (about $366,000 in 2032), with the threshold wage-indexed after 2032. Provide proportional benefit credit for additional earnings taxed, based on the payroll tax rate applied to the additional earnings divided by the full 12.4 percent payroll tax rate.",,0.18,0.10,5,2,,,,,,,,,,
payroll_tax,,E3.9,,"Beginning in 2032, apply 2 percent payroll tax rate on earnings over the wage-indexed equivalent of $200,000 in 2017 (about $366,000 in 2032), with the threshold wage-indexed after 2032. Do not provide benefit credit for additional earnings taxed.",,0.26,0.30,7,6,,,,,,,,,,
payroll_tax,,E3.10,,"Beginning in 2032, apply 2 percent payroll tax rate on earnings over the wage-indexed equivalent of $300,000 in 2017 (about $549,000 in 2032), with the threshold wage-indexed after 2032. Provide proportional benefit credit for additional earnings taxed, based on the payroll tax rate applied to the additional earnings divided by the full 12.4 percent payroll tax rate.",,0.13,0.07,4,2,,,,,,,,,,
payroll_tax,,E3.11,,"Beginning in 2032, apply 2 percent payroll tax rate on earnings over the wage-indexed equivalent of $300,000 in 2017 (about $549,000 in 2032), with the threshold wage-indexed after 2032. Do not provide benefit credit for additional earnings taxed.",,0.19,0.22,6,5,,,,,,,,,,
payroll_tax,,E3.12,,"Beginning in 2026, apply 4 percent payroll tax rate on earnings above the wage-indexed equivalent of $400,000 in 2015 (about $612,900 in 2026), with the threshold wage-indexed after 2026. Provide benefit credit for additional earnings taxed, using a secondary PIA formula.",,0.10,0.06,3,1,,,,,,,,,,
payroll_tax,,E3.13,,"Beginning in 2026, increase the taxable maximum by twice the rate of increase in the national Average Wage Index, but never by less than 3 percent. Provide benefit credit for earnings up to the revised taxable maximum levels.",,0.16,0.18,4,4,,,,,,,,,,
payroll_tax,,E3.14,,"Increase the taxable maximum such that 90 percent of earnings are subject to the payroll tax (phased in 2025-2034). In addition, apply a tax rate of 6.2 percent for earnings above the revised taxable maximum (phased in from 2025-2034). Provide benefit credit for earnings taxed up to the revised taxable maximum.",,1.56,1.45,45,31,,,,,,,,,,
payroll_tax,,E3.15,,"Increase the taxable maximum linearly over 4 years to $291,000 for 2029. After 2029, index the taxable maximum to AWI plus 0.5 percentage point. Apply benefit credit on additional earnings taxed.",,1.52,1.41,43,30,,,,,,,,,,
payroll_tax,,E3.16,,"Increase the taxable maximum by an additional 2 percent per year beginning in 2026 until taxable earnings equal 90 percent of covered earnings. Provide benefit credit for earnings up to the revised taxable maximum. Create a new bend point equal to the current-law taxable maximum with a 5 percent formula factor applying above the new bend point.",,0.32,0.33,9,7,,,,,,,,,,
payroll_tax,,E3.17,,"Beginning in 2026, increase the taxable maximum such that 90 percent of earnings would be subject to the payroll tax (phased in linearly from 2026-2031). Provide benefit credit for additional earnings taxed, using a secondary PIA formula.",,1.13,1.56,32,34,,,,,,,,,,
payroll_tax,,E3.18,,"Beginning in 2026, apply 2 percent payroll tax rate for earnings above the wage-indexed equivalent of $400,000 in 2017 (about $500,000 in 2026), with the threshold wage-indexed after 2026. Provide proportional benefit credit for additional earnings taxed, using a PIA formula factor of 0.5 percent on AIME attributable to earnings above this threshold.",,0.66,0.72,19,16,,,,,,,,,,
payroll_tax,,E3.19,,"Beginning in 2026, apply 2 percent payroll tax rate on earnings above $400,000 (not indexed for future years). Provide proportional benefit credit for additional earnings taxed, using a secondary PIA formula. The secondary PIA formula would involve a formula factor of 0.5 percent of AIME+ (AIME derived from taxed earnings above the threshold).",,1.05,1.11,30,24,,,,,,,,,,
